gcmtid,snr_r,snr_t,snr_z,allsnr_r,allsnr_t,allsnr_z,count
200708010815A,2.222865898617512,0.18834976958525348,3.1126970046082945,964.7238000000002,81.74380000000001,1350.9104999999997,434
200708020237A,17.309834775086518,13.717302076124566,23.401526816609007,10005.084500000008,7928.6006,13526.082500000006,578
200708220726A,4.245818320610686,1.0954366412213734,9.070699236641223,1112.4044,287.00439999999986,2376.5232000000005,262
200709031614A,12.950116250000011,7.674901666666667,19.41534083333333,3108.027900000003,1841.9764,4659.681799999999,240
200709061751A,14.3886076142132,8.187096615905235,20.299702199661585,8503.6671,4838.574099999993,11997.123999999996,591
200710061238A,11.396626917510854,9.006056005788716,18.113225036179447,7875.0692,6223.184700000003,12516.238499999998,691
200710081710A,6.447034032983508,4.538635832083954,13.447472113943032,4300.1717,3027.270099999997,8969.463900000002,667
200710251350A,11.895172571428567,8.649395428571431,20.779409714285705,2081.6551999999992,1513.6442000000004,3636.3966999999984,175
200711270427A,7.579863059163048,4.107286002885997,15.952547474747456,5252.845099999992,2846.3491999999965,11055.115399999988,693
200712070047A,5.976530952380957,1.913217261904761,12.184927083333337,2008.1144000000015,642.8409999999997,4094.1355000000012,336
200712251404A,9.25193176470588,6.216406764705885,15.419079411764711,6291.313599999999,4227.156600000002,10484.974000000004,680
200712271752A,3.701601244813277,2.9953796680497917,8.647020331950209,892.0858999999997,721.8864999999998,2083.9319000000005,241
200801070746A,3.882347266313929,3.482902998236333,9.376043033509697,2201.2908999999977,1974.8060000000007,5316.216399999998,567
200802270654A,12.089957790368265,7.588634277620393,18.579744050991494,8535.510199999995,5357.575799999998,13117.299299999993,706
200803031349A,23.32749815546771,24.522500922266143,27.851639262187103,17705.57109999999,18612.578200000004,21139.39420000001,759
200803031411A,18.210568478260868,10.141195108695644,20.474467391304355,6701.489199999999,3731.9597999999974,7534.604000000002,368
200803130841A,4.6102338912133884,1.9336564853556475,11.884177405857738,1101.8458999999998,462.14389999999975,2840.318399999999,239
200803142232A,12.576337292817662,8.464817817679556,17.063624585635356,9105.268199999988,6128.528099999999,12354.064199999999,724
200803201410A,12.759070954356845,9.621371369294614,18.2023,3074.9361,2318.750500000002,4386.7543000000005,241
200803262006A,7.166886092715234,7.081249006622517,13.740781456953641,1082.1998000000003,1069.2686,2074.8579999999997,151
200804161919A,5.00250078125,0.0965621093749997,9.188223828125006,1280.6402,24.719899999999924,2352.1853000000015,256
200804231828A,13.914396962332912,12.414596962332933,19.39930425273391,11451.548699999987,10217.213300000003,15965.627400000008,823
200805071602A,16.238490258939592,15.417980517879167,19.615394944512932,13169.41560000001,12503.982200000004,15908.085299999988,811
200805071616A,6.2156760580411055,5.247746674727926,7.15446856106408,5140.364099999994,4339.886499999995,5916.7454999999945,827
200805071645A,16.30764071428571,13.228861666666674,18.9264588095238,6849.209099999998,5556.121900000003,7949.112699999996,420
200805092151A,24.434578857142867,17.581086857142864,26.998206285714286,4276.051300000002,3076.6902000000014,4724.6861,175
200805121111A,7.675862758620691,5.6457481034482715,6.919300344827588,4452.000400000001,3274.5338999999976,4013.194200000001,580
200805191008A,2.4302188617886156,-0.717574796747967,2.693584227642278,1494.5845999999985,-441.3084999999997,1656.554300000001,615
200805202042A,4.8396798701298716,6.934089870129874,8.71608272727272,3726.553500000001,5339.249200000003,6711.383699999995,770
200805250821A,10.513515510718783,10.67819356872636,14.926699243379552,8337.217799999995,8467.807500000004,11836.872499999985,793
200806010157A,16.145359584859563,9.69774041514042,21.066047619047623,13223.049499999981,7942.449400000004,17253.093000000004,819
200806041703A,3.5829531958762892,1.435673402061856,7.126093814432987,1737.7323000000004,696.3016000000001,3456.1554999999985,485
200806132343A,24.70449600484264,16.661540920096865,26.022834866828084,20405.91370000002,13762.432800000011,21494.861599999997,826
200806252337A,6.038065151515151,2.610260984848484,12.800373106060603,1594.0492,689.1088999999997,3379.298499999999,264
200806271140A,21.825763141993985,16.86647885196374,23.323008459214513,7224.327600000009,5582.804499999998,7719.915800000003,331
200806281254A,14.425008870967757,14.424147580645167,20.05861075268819,10732.20660000001,10731.565800000004,14923.606400000011,744
200806292053A,4.717966548042706,0.7916818505338076,9.414916725978646,1325.7486000000004,222.46259999999992,2645.5915999999997,281
200807080742A,8.781837329700268,5.269033514986377,15.708284604904646,6445.868599999997,3867.470600000001,11529.880900000011,734
200807131458A,20.98101613756611,17.519902645502622,25.068890343915296,15861.64819999998,13245.046399999983,18952.081099999963,756
200807190239A,15.733265402843609,12.248395260663505,18.294476303317527,6639.438000000003,5168.822799999999,7720.268999999996,422
200807202130A,2.8150516891891884,-2.3428442567567584,7.247591554054051,833.2552999999998,-693.4819000000005,2145.287099999999,296
200807211130A,10.610800408163266,8.143682312925183,16.331179183673473,7798.938300000001,5985.60650000001,12003.416700000003,735
200807231526A,16.920463713080174,10.030374120956397,18.349841631504912,12030.449700000005,7131.595999999998,13046.737399999993,711
200808011035A,5.163450519031145,2.576284775086506,10.335526643598612,1492.237200000001,744.5463000000002,2986.967199999999,289
200808050949A,13.930041075794614,9.535652567237156,18.488337775061115,11394.773599999995,7800.163799999993,15123.460299999993,818
200808100820A,16.287184986595175,16.48332439678283,24.94437828418227,12150.24,12296.559999999992,18608.506199999974,746
200808151025A,14.590862635869586,13.038612228260881,21.31043532608695,10738.874900000015,9596.418600000008,15684.480399999995,736
200808160401A,7.040967758846665,8.872917693315854,14.231752424639565,5372.258400000005,6770.036199999996,10858.827099999988,763
200808211224A,12.139712983770284,12.416963670411985,16.009234332084883,9723.910099999997,9945.9879,12823.39669999999,801
200808270135A,13.41651894510226,11.761304520990329,16.523738428417648,12463.9461,10926.251900000016,15350.552999999996,929
200808300830A,9.253521468926555,10.080350508474575,13.072614802259901,8189.366500000001,8921.1102,11569.264100000013,885
200809110020A,16.140862208588928,14.440589693251543,17.096599018404913,13154.802699999977,11769.080600000007,13933.728200000003,815
200809220731A,3.0184397217928876,1.835365996908811,7.591842658423499,1952.9304999999981,1187.4818000000007,4911.922200000004,647
200810010938A,2.560957033639147,0.7993033639143726,4.668623088685013,1674.8659000000023,522.7443999999997,3053.2794999999987,654
200810060830A,14.429653887688985,14.038370626349899,17.057808855291576,13361.8595,12999.531200000007,15795.531,926
200810230921A,3.2070589562764398,2.0114661495063486,7.585177715091678,2273.804799999996,1426.1295000000011,5377.891,709
200811100122A,12.65467990654205,9.802804088785036,16.656837850467287,10832.405999999995,8391.200299999991,14258.2532,856
200812021231A,5.367125738396635,5.184180872011255,11.651586779184257,3816.0264000000075,3685.952600000002,8284.278200000006,711
200812201029A,17.68455579119088,15.601453670473083,22.78265513866234,10840.63270000001,9563.6911,13965.767600000014,613
200812250320A,7.443964941785249,5.356254721862875,12.146980595084086,5754.1848999999975,4140.384900000003,9389.615999999998,773
200901191729A,2.783120871327259,1.8115303951367787,5.543534853090174,2746.9403000000048,1787.9805000000006,5471.468900000002,987
200901262130A,4.89423524283935,4.462220921544207,10.566208717310078,3930.070899999998,3583.1633999999976,8484.665599999993,803
200902280035A,3.0550041186161434,1.3795672158154875,4.854245304777592,1854.3874999999991,837.3973000000009,2946.5268999999985,607
200903051549A,3.381764598168871,3.1725966429298067,6.8843638860630865,3324.2746,3118.6625,6767.329700000014,983
200903111258A,2.712580823293176,2.360939156626506,5.465166365461847,2701.7305000000033,2351.4954000000002,5443.3057,996
200903130907A,2.6621506000000004,1.203133,2.8619244999999998,2662.1506000000004,1203.133,2861.9244999999996,1000
200903261919A,4.27011078546307,0.10157338804220462,6.286334466588508,3642.404499999999,86.64210000000054,5362.243299999997,853
200903311529A,2.5619102003643013,2.295939526411659,6.295418397085614,1406.4887000000015,1260.4708000000007,3456.184700000002,549
200904040531A,13.0909540302267,10.848938790931985,23.810102896725425,10394.217499999999,8614.057399999996,18905.221699999987,794
200904171452A,5.331075575575574,3.5092264264264244,11.444935335335344,5325.744499999999,3505.717199999998,11433.49040000001,999
200904200722A,3.166976868686868,2.347156060606059,7.295724444444459,3135.307099999999,2323.6844999999985,7222.767200000014,990
200904210526A,6.274413717693839,4.494377137176942,13.183337574552688,6312.060200000002,4521.343400000003,13262.437600000005,1006
200904230211A,1.895420202020202,0.8031219191919206,3.6658334343434347,1876.466,795.0907000000013,3629.1751000000004,990
200905011257A,2.779642173479561,1.124659920239281,3.2870764705882367,2787.9810999999995,1128.033899999999,3296.9377000000013,1003
200905291951A,4.374006980273139,5.106403338391504,8.041342488619115,2882.4705999999983,3365.1198000000013,5299.244699999997,659
200906050330A,15.63773823178016,13.63207060931899,19.861749462365584,13088.786899999994,11410.043099999995,16624.284299999992,837
200906140558A,12.112473952879588,10.709144895287963,17.342777879581135,9253.930100000005,8181.786700000004,13249.882299999988,764
200906191506A,1.5455738229755192,0.7268723163841813,2.3148427495291894,820.6997000000007,385.9692000000002,1229.1814999999997,531
200906222310A,3.3050838095238086,3.1882210582010595,5.269913333333327,3123.304199999999,3012.8689000000013,4980.068099999994,945
200907040041A,3.7626222451081333,2.4455510813594263,4.948387744593211,3653.5061999999975,2374.630100000003,4804.884500000008,971
200907100049A,3.7962632523759225,2.3666076029567025,5.0503582893347385,3595.0612999999985,2241.1773999999973,4782.689299999997,947
200907100902A,5.744587669801457,5.185686415882968,10.30671577847441,5497.570399999994,4962.7019,9863.527000000011,957
200907111519A,3.451996236559143,2.323733440860216,5.752690860215055,3210.3565000000026,2161.0721000000012,5350.002500000001,930
200907131805A,15.712356993006994,12.98416515151515,19.536239393939404,13481.2023,11140.4137,16762.09340000001,858
200907160629A,3.6079914849428856,1.3189286604361374,3.164717133956382,3474.495799999999,1270.1283000000003,3047.622599999996,963
200907262149A,3.3128202105263154,2.540843789473684,5.669926210526323,3147.1791999999996,2413.8016,5386.4299000000065,950
200907291452A,3.5747549469964683,1.609708833922261,7.294219964664308,2023.311300000001,911.0951999999997,4128.5284999999985,566
200908031418A,2.435974267782427,1.4054638075313806,3.5347538702928913,2328.7914000000005,1343.6233999999997,3379.2247000000043,956
200908050018A,14.571232866242037,10.489101019108288,19.0026633121019,11438.4178,8233.944300000006,14917.090699999992,785
200908091055A,9.694769696969699,7.046923928944612,10.509630512016722,9277.894600000001,6743.906199999994,10057.716400000003,957
200908112143A,4.377217320703654,2.2568267929634667,8.739851556156976,3234.7636,1667.795000000002,6458.750300000005,739
200908122004A,5.593409180790965,5.201696751412431,10.128088276836152,3960.133700000003,3682.8013000000014,7170.686499999995,708
200908122248A,18.198574208675243,11.628316881594367,20.822374208675292,15523.383799999981,9918.954299999996,17761.485200000025,853
200908170005A,16.639742925089195,12.190754934601665,19.1120544589774,13994.023800000014,10252.4249,16073.237799999995,841
200908171011A,15.725013586291317,13.841980293757635,19.57475850673193,12847.336100000006,11308.897899999987,15992.577699999985,817
200908221318A,2.7643880530973446,1.6548012168141586,4.723058296460176,2499.0067999999997,1495.9402999999993,4269.6447,904
200908240526A,3.096607692307695,1.1595909890109903,4.832185384615391,2817.9130000000023,1055.2278000000013,4397.2887000000055,910
200908262220A,3.2196580466148728,1.9310856825749179,3.3603663706992193,2900.9119000000005,1739.908200000001,3027.6900999999966,901
200908280152A,15.17828419203746,10.66756615925058,17.112860421545662,12962.25469999999,9110.101499999995,14614.382799999996,854
200909031326A,8.169019244391968,1.5601443919716644,10.72111558441559,6919.1592999999975,1321.4422999999997,9080.784900000006,847
200909031951A,7.916867668269225,3.073578245192307,12.451754927884629,6586.833899999995,2557.2170999999994,10359.86010000001,832
200909112057A,2.2404423423423423,1.7293462462462448,4.093745045045045,1492.1345999999999,1151.744599999999,2726.4342,666
200909180624A,12.446896467391309,11.824409374999997,19.07280135869565,9160.915800000002,8702.765299999997,14037.581799999998,736
200909181153A,8.674361185983825,9.514566442048515,14.663118867924537,6436.375999999998,7059.808299999999,10880.034200000006,742
200909190854A,4.215266424242428,2.496745818181815,7.925587151515137,3477.5948000000026,2059.8152999999975,6538.6093999999875,825
200909210853A,9.589305673758872,7.989497754137109,15.543393853427887,8112.552600000006,6759.1150999999945,13149.711199999992,846
200909211938A,8.023012019826519,5.238240644361827,13.80985117719949,6474.5707,4227.260199999994,11144.549899999989,807
200909222259A,3.1418224113475186,0.9822419858156026,4.788549503546098,2214.9848000000006,692.4805999999999,3375.927399999999,705
200909281922A,11.299815602836878,10.546469908814599,17.085135359675782,11152.917999999998,10409.365800000009,16863.028599999998,987
200910031536A,4.191531782945741,3.667519534883723,8.23972,2703.5380000000027,2365.5501000000013,5314.6194000000005,645
200910031736A,12.090362291666656,9.864179895833344,18.895214479166658,11606.74779999999,9469.61270000001,18139.40589999999,960
200910041058A,9.032706765067648,3.7678840098400985,9.01629409594096,7343.590599999997,3063.2897000000003,7330.2471000000005,813
200910100842A,1.7555183639399001,0.29207312186978335,3.4421739565943255,1051.5555000000002,174.95180000000022,2061.862200000001,599
200910131015A,5.8699769879518024,4.026933012048193,12.640830963855429,4872.080899999996,3342.3544,10491.889700000005,830
200910182350A,4.317962844036693,2.299862385321103,8.206073088685015,2823.947699999997,1504.1100000000015,5366.7717999999995,654
200910232000B,3.70289256756757,3.3453106177606173,8.459197393822407,3836.1967000000027,3465.7418,8763.728500000014,1036
200910250617A,3.525666205837169,1.94886282642089,8.442569124423972,2295.208699999997,1268.7096999999994,5496.112500000006,651
200910262350A,2.0552058715596333,0.9396678899082582,3.0325682568807326,1120.0872000000002,512.1190000000007,1652.7496999999994,545
200910291700A,3.2364052833813686,2.1392841498559094,5.352959173871272,3369.0979000000048,2226.9948000000018,5572.430499999994,1041
200910300703A,13.788511377870572,11.30520354906055,18.65278778705635,13209.393900000008,10830.385000000007,17869.370699999985,958
200911022135A,4.279228223495699,4.99534641833811,9.62852435530086,2986.9012999999977,3486.751800000001,6720.71,698
200911031803A,2.3742532942898986,0.7059175695461206,5.804056661786244,1621.6150000000007,482.14170000000036,3964.1707000000047,683
200911040621A,2.642943429487181,1.7026004807692323,7.037699198717949,1649.196700000001,1062.422700000001,4391.5243,624
200911042156A,3.4810680851063838,2.988174062816618,5.469103444782163,3435.8142000000007,2949.327800000002,5398.005099999995,987
200911050932A,6.728840635268344,6.098855859802842,12.676293209200464,6143.431499999998,5568.255399999995,11573.455700000024,913
200911051134A,2.5954931034482778,2.430318549346017,6.400848038049952,2182.8097000000016,2043.8979000000002,5383.11320000001,841
200911111348A,8.809900582241628,8.532853566229996,16.900003930131003,6052.4016999999985,5862.070400000007,11610.302699999998,687
200911170039A,1.9133961864406785,0.9816046610169499,3.0177508474576262,903.1230000000003,463.31740000000036,1424.3783999999996,472
200911281810A,10.043672586412383,9.745505840286064,15.88342383790226,8426.641299999988,8176.479400000008,13326.192599999997,839
200911292009A,6.7343188965517236,6.120080965517233,13.659962620689669,4882.3812,4437.058699999994,9903.47290000001,725
200912011611A,1.5657778584392024,0.7865451905626129,4.000982395644289,862.7436000000005,433.3863999999997,2204.5413000000035,551
200912020614A,2.2434001579778826,0.8207985781990517,5.142419589257502,1420.0722999999996,519.5654999999997,3255.151599999999,633
200912100230A,6.544244874715263,1.789780296127562,9.435854100227786,5745.847000000001,1571.4270999999994,8284.679899999996,878
200912101506A,2.8087787925696612,1.5783490712074304,6.276576780185762,1814.4711000000011,1019.6135,4054.6686000000022,646
200912172041A,1.3543192647058815,-0.06541632352941172,0.5404661764705887,920.9370999999994,-44.48309999999997,367.51700000000034,680
200912191302A,14.343860290827736,9.822450447427293,20.20313780760628,12823.411099999996,8781.270700000001,18061.605200000013,894
200912240023A,5.91324502369668,2.171923507109005,8.979445023696679,6238.473499999997,2291.3793000000005,9473.314499999997,1055
200912260509A,3.3888845151953646,2.697030824891465,9.538912156295217,2341.719199999997,1863.6483000000026,6591.388299999995,691
200912280012A,1.665070406504067,0.4986640650406503,3.2322052032520316,1024.018300000001,306.67839999999995,1987.8061999999995,615
200912290901A,4.040720855614973,1.8873263368983986,8.671206951871664,3022.4592,1411.720100000002,6486.062800000004,748
200912292214A,2.4536155223880596,1.7023934328358197,6.868496567164176,1643.9224,1140.6035999999992,4601.892699999998,670
200912300748A,2.0049100649350646,0.8960818181818185,4.281178409090907,1235.0245999999997,551.9864000000002,2637.2058999999986,616
200912301117A,3.7728287921348342,2.832632584269663,9.11943019662922,2686.254100000002,2016.8344000000002,6493.034300000006,712
201001020845A,11.789889892183288,7.980762803234501,18.98533544474394,8748.0983,5921.726,14087.118900000003,742
201001081214A,2.900173913043478,1.8493615384615358,5.949552341137127,1734.3039999999996,1105.9181999999985,3557.8323000000023,598
201001141403A,10.046817099863198,7.340755403556773,18.196792065663466,7344.223299999998,5366.092200000001,13301.854999999994,731
201001141846A,1.6609316023738874,0.5858847181008904,2.8428044510385746,1119.4679,394.8863000000001,1916.0501999999992,674
201001151108A,2.9140461716937365,0.4814624129930393,3.8715946635730876,2511.907800000001,415.0205999999999,3337.3146000000015,862
201001170604A,5.0528996470588226,3.739757999999995,11.810495411764693,4294.9646999999995,3178.7942999999955,10038.921099999989,850
201001210202A,4.439496855345913,3.357410691823898,9.63533286163521,2823.520000000001,2135.313199999999,6128.071699999993,636
201001250715A,3.5978225584594195,2.607491196698761,9.603061760660248,2615.616999999998,1895.646099999999,6981.4259,727
201001271849A,5.8269744498777545,6.0817378973105205,7.04011943765281,4766.465100000003,4974.861600000006,5758.817699999999,818
201002050648A,3.952336185133237,2.5949410939691453,6.625563113604495,2818.015699999998,1850.1930000000004,4724.026500000005,713
201002060444A,7.4030136191677185,4.969810340479193,17.81130643127368,5870.589800000001,3941.0596,14124.366000000029,793
201002070610A,13.04891207983192,10.63634002100839,18.38406764705881,12422.564299999987,10125.795699999988,17501.632399999988,952
201002151015A,1.408050772200772,0.7392459459459461,3.877820463320463,729.3702999999999,382.92940000000004,2008.711,518
201002180113A,8.700524668705416,-1.8185641182466867,9.455207339449542,8535.214700000013,-1784.0113999999996,9275.5584,981
201002220521A,4.575282901554402,2.969858549222802,11.484307772020712,3532.118399999999,2292.730800000003,8865.885599999989,772
201002260107A,6.35441005586592,4.480313407821227,14.48182681564246,1137.4393999999995,801.9760999999996,2592.2470000000003,179
201002260837A,3.8940744149765987,2.4857767550702032,8.56875709828392,2496.1016999999997,1593.3829000000003,5492.573299999992,641
201002261618B,1.972140035587186,1.157211921708185,5.0227375444839915,1108.3426999999986,650.3531,2822.778500000003,562
201002262031A,18.02388235294117,13.458612981744428,19.765864198782975,17771.54799999999,13270.192400000007,19489.142100000012,986
201002280817A,3.486945403587445,4.762831502242152,5.871459529147989,3110.355300000001,4248.445699999999,5237.341900000007,892
201002282207A,1.7587500794912567,0.8755182829888716,1.7562923688394245,1106.2538000000004,550.7010000000002,1104.707899999998,629
201003020251A,8.734740727699549,9.236292723004683,14.909038615023482,7441.999100000016,7869.32139999999,12702.500900000006,852
201003040018A,15.600052348993266,12.186933668903803,22.392626845637587,13946.44679999998,10895.1187,20019.008400000002,894
201003061331A,5.059757556675065,3.316676826196471,11.679854282115862,4017.447500000002,2633.441399999998,9273.804299999994,794
201003061723A,2.829425579150582,1.3789262548262529,6.617099324324321,2931.284900000003,1428.567599999998,6855.314899999997,1036
201003080947A,3.68337525325615,1.1115432706222876,7.542654413892907,2545.2122999999997,768.0764000000007,5211.974199999999,691
201003122319A,3.6322530150753773,1.6456942211055303,7.765819346733667,2891.2734000000005,1309.972600000002,6181.592199999999,796
201003131246A,3.8868896341463475,1.2296856097560964,9.315592560975604,3187.249500000005,1008.3421999999991,7638.785899999996,820
201003140808A,13.540934696016771,10.298383333333334,17.328333857442345,12918.0517,9824.6577,16531.230499999998,954
201003150935A,4.462514163498101,3.845983174904943,9.937081083650181,4694.564900000002,4045.9743,10453.80929999999,1052
201003160944A,7.978265118679055,7.914791434468519,15.873295046439615,7730.938900000005,7669.432899999995,15381.222899999988,969
201003190930A,3.8254048179871503,2.526317130620986,10.09867580299786,3572.9280999999983,2359.5802000000012,9432.1632,934
201003221958A,9.627557869822486,5.799228757396446,15.952977041420112,8135.286400000001,4900.348299999997,13480.265599999995,845
201003240206A,7.451759865470842,8.891529372197303,14.197531053811668,6646.969799999991,7931.244199999995,12664.197700000008,892
201003240244A,4.01731936989498,5.4237992998833136,6.782038273045509,3442.842699999998,4648.196,5812.206800000001,857
201003250529A,7.7512669421487566,5.512227154663528,15.773054309327042,6565.323099999997,4668.856400000009,13359.777000000006,847
201003300102A,6.509249946865032,4.731993304994688,11.83481381509034,6125.204199999996,4452.805700000002,11136.55980000001,941
201003301654A,19.50268120045302,13.589345753114385,22.88303069082674,17220.867500000015,11999.392300000001,20205.716100000012,883
201004132349A,18.191309179265666,13.912650755939527,20.560333477321798,16845.152300000005,12883.114600000003,19038.868799999986,926
201004140125A,6.037039125683063,8.375417923497272,10.866575409836068,5523.890800000003,7663.507400000004,9942.916500000003,915
201004230646A,1.2470260473588344,0.3340080145719491,4.311859562841528,684.6173000000001,183.37040000000007,2367.210899999999,549
201004260259A,12.31662738990333,9.848671643394207,16.37240021482276,11466.7801,9169.113300000006,15242.704599999992,931
201004272022A,4.000157904761909,3.654666000000002,6.274596857142848,4200.165800000004,3837.399300000002,6588.3266999999905,1050
201005012357A,3.036802131782946,1.307546511627908,6.081443410852716,1566.9899000000003,674.6940000000005,3138.024800000001,516
201005031027A,9.08480394889663,4.562708013937274,14.24359314750288,7822.016199999998,3928.4915999999935,12263.733699999979,861
201005260853A,12.911155794871794,9.574950666666663,16.259988102564133,12588.3769,9335.576899999996,15853.48840000003,975
201005290230A,9.366492102335938,10.436161512791998,16.05896129032258,8420.476400000009,9382.109200000006,14437.006199999998,899
201005311016A,11.412043766937657,9.345911382113824,16.89790840108401,8422.08829999999,6897.282600000002,12470.656399999998,738
201005311951A,16.518215807962516,8.043637002341923,19.231576697892265,14106.556299999987,6869.266000000001,16423.766499999994,854
201006030535A,5.165468896713618,5.996899413145537,10.716813615023469,4400.979500000002,5109.358299999998,9130.725199999995,852
201006050522A,2.438234235453314,1.3961572395128568,8.737201353179985,1801.855099999999,1031.760200000001,6456.791800000009,739
201006100213A,4.5510821480406385,3.6917400580551494,8.971505370101605,3135.6956,2543.608899999998,6181.367200000006,689
201006111637A,9.006542246642237,6.798810622710631,13.612431990231997,7376.358099999992,5568.225900000007,11148.581800000005,819
201006111658A,2.747150122249388,2.5022866748166264,3.2070188264058617,2247.1687999999995,2046.8705000000004,2623.341399999995,818
201006130332A,7.870885518814141,6.722132497149375,13.905095895096938,6902.766600000002,5895.310200000002,12194.769100000014,877
201006180223A,12.66171604938271,10.064561952861952,18.257650168350175,11281.588999999994,8967.5247,16267.566300000004,891
201006182309A,13.928387588652482,14.144032860520106,19.91978368794328,11783.4159,11965.85180000001,16852.137000000013,846
201006272103A,2.3645812307692307,1.2806826153846136,3.6682575384615395,1536.9778,832.4436999999989,2384.3674000000005,650
201006281207A,9.66609885452462,6.469479954180981,15.775250973654074,8438.504299999993,5647.855999999996,13771.794100000006,873
201007040521A,1.6329588723051423,1.0017207296849098,2.39749552238806,984.6742000000008,604.0376000000006,1445.6898,603
201007042155A,14.490342462845005,11.471810934182571,18.240012632696413,13649.902599999994,10806.445899999982,17182.09190000002,942
201007090041A,3.7935813314037627,1.9854244573082476,4.941161360347323,2621.3647,1371.9282999999991,3414.3424999999997,691
201007100539A,3.1415642504118577,1.8984054365733103,7.830336738055999,1906.9294999999977,1152.3320999999994,4753.014399999992,607
201007121653A,1.719304777070061,0.7515401273885353,2.109244585987262,1079.7233999999983,471.96720000000016,1324.6056000000005,628
201007232208A,14.511652843137258,8.460223333333332,15.027872843137263,14801.885900000003,8629.427799999998,15328.430300000009,1020
201007232251A,21.130127941176458,12.831275,20.63898274509801,21552.730499999987,13087.9005,21051.76239999997,1020
201007232315A,8.345883251714017,0.6395071498530841,6.339508912830566,8521.146800000011,652.9367999999988,6472.638600000008,1021
201007240535A,3.9506662665065995,3.3796279711884725,4.909543337334933,3290.9049999999975,2815.2300999999975,4089.649599999999,833
201007250818A,2.7659202213279683,1.3416397384305818,2.5029778672032195,2749.3247000000006,1333.5898999999984,2487.96,994
201007251257A,2.9353748007968115,3.374543525896413,6.433623804780877,2947.116299999999,3388.041699999999,6459.358300000001,1004
201007262306A,4.68633853118712,3.506038631790742,6.659435714285722,4658.220499999998,3485.0023999999976,6619.479100000008,994
201007290731A,10.622232809430267,5.3039144400785805,12.718937721021605,10813.433000000012,5399.384899999995,12947.878599999995,1018
201007302043A,3.424364558232936,1.8703881526104433,3.5585835341365457,3410.667100000004,1862.9066000000016,3544.3491999999997,996
201008071604A,3.3429380574826544,1.5944864222001984,4.3057285431119885,3373.024499999998,1608.8368000000003,4344.480099999996,1009
201008130133A,3.3210203574975177,2.097137437934459,3.628492452830193,3344.2675000000004,2111.8174000000004,3653.891900000004,1007
201008140730A,17.053812954545432,9.478204545454549,23.92387999999998,7503.677699999989,4170.410000000002,10526.507199999991,440
201008142301A,18.394921327967808,11.009051710261575,20.111770623742434,9142.2759,5471.498700000003,9995.54999999999,497
201008181628A,18.06778626609443,9.344578755364815,22.01085729613736,8419.588400000004,4354.573700000004,10257.05950000001,466
201008182333A,4.003679597989951,2.1272890452261293,3.982389547738692,3983.661200000001,2116.6525999999985,3962.477599999999,995
201008230108A,4.435560923076924,2.6297852307692313,8.470392615384611,1441.5573000000002,854.6802000000002,2752.8775999999984,325
201008242048A,2.2783366834170855,1.30187025125628,2.572644723618091,2266.945,1295.3608999999988,2559.7815000000005,995
201008261508B,3.1837980769230754,1.1340950404858305,4.096838461538459,3145.5924999999984,1120.4859000000006,4047.6763999999976,988
201008312116A,2.842223665659619,1.5905162134944621,2.561128902316214,2822.328100000002,1579.3826000000008,2543.2010000000005,993
201010050826A,2.431876758409785,1.0188757390417935,2.111092252803264,2385.671099999999,999.5170999999993,2070.9815000000017,981
201010141358A,6.113061645193264,4.023408919722497,12.21064509415265,6168.079200000004,4059.6196,12320.540900000024,1009
201010301906A,3.7479053658536623,2.273871317073171,6.929336975609752,3841.6030000000037,2330.7181000000005,7102.570399999996,1025
201011021810A,2.2564280273437487,1.2064922851562523,3.7186384765625005,2310.5822999999987,1235.4481000000023,3807.8858000000005,1024
201011051640A,10.910352485659642,11.184274474187378,18.46562724665392,11412.228699999985,11698.751099999998,19315.0461,1046
201011071926A,3.7845373083475278,2.8429580919931827,7.90330868824531,2221.5233999999987,1668.8163999999983,4639.242199999997,587
201011101030A,4.8451711330049205,3.7831379310344855,9.437967389162548,4917.848699999994,3839.885000000003,9579.536899999986,1015
201011300324A,5.919732199546491,1.2367047619047615,8.5121799319728,5221.203800000005,1090.7735999999998,7507.74270000001,882
201012181402A,2.709996511627909,1.5353988372093057,5.873151937984496,2796.7164000000025,1584.5316000000034,6061.0928,1032
201012222149A,11.837737980085361,8.798239544807956,15.736362304409681,8321.929800000009,6185.162399999993,11062.662700000006,703
201012250555A,2.860097423664122,1.4540722328244278,6.5854727099236685,2997.3821,1523.8677000000002,6901.575400000004,1048
201012251141A,2.5096927745664765,1.2930008670520234,3.282792292870909,2605.0611000000026,1342.1349000000002,3407.5384000000035,1038
201101122132A,5.9522331381733045,0.31418770491803266,8.126079976580796,5083.207100000002,268.3162999999999,6939.672299999999,854
201101291238A,2.5111533333333345,0.6399896618357482,5.170203188405794,2599.043700000001,662.3892999999995,5351.160299999997,1035
201102041353A,11.497011176470586,5.622766117647059,16.70353317647059,9772.459499999999,4779.3512,14198.003200000001,850
201102100535A,3.739674007220215,5.544799879663055,8.98585246690734,3107.6690999999987,4607.728699999999,7467.2434,831
201102220210A,2.4939636882129244,1.6346336501901155,1.2013843155893549,2623.6497999999965,1719.6346000000015,1263.8563000000013,1052
201102221409A,3.533613557692315,2.62595096153846,7.383318461538457,3674.9581000000076,2730.988999999998,7678.651199999996,1040
201102232214A,4.923397974927679,2.484346865959501,9.27428177434908,5105.563700000002,2576.2677000000026,9617.430199999995,1037
201103111859A,7.481262457337883,8.81172730375427,9.230546871444819,6576.029699999999,7745.508300000003,8113.6506999999965,879
201103121146A,4.262338611925709,4.171810557184755,6.151125317693051,4360.3724,4267.762200000005,6292.601199999991,1023
201103140652A,1.6981700290979649,0.7271679922405431,0.1326621726479151,1750.8133000000018,749.7101999999999,136.77470000000048,1031
201103161712A,3.116233754863809,3.479924513618673,6.993054863813221,3203.488299999996,3577.362399999996,7188.860399999991,1028
201103220718A,13.478040355329949,10.684307233502535,17.826033629441618,10620.6958,8419.234099999998,14046.914499999993,788
201103221549A,4.5215513094083395,3.1939766246362784,7.995702521823485,4661.719399999998,3292.989900000003,8243.569300000014,1031
201103241355A,22.459300972053448,18.443196354799518,24.34202879708384,18484.004699999987,15178.750600000005,20033.489700000002,823
201104160111A,6.546774597156405,3.0162773459715635,10.3389689099526,6906.847200000007,3182.1725999999994,10907.612199999992,1055
201104160219A,5.586458420551856,3.2757999048525193,10.834617316841088,5871.367800000001,3442.8656999999976,11387.182799999984,1051
201104160920A,3.075398202459789,1.7961929990539252,3.8696749290444603,3250.6958999999965,1898.5759999999989,4090.2463999999945,1057
201104291312A,3.2982492048643555,1.8508235734331173,5.6553614593077635,3525.828399999996,1978.5304000000024,6045.581399999999,1069
201105101526A,4.04141066417212,1.3427371375116939,4.037364639850329,4320.267999999996,1435.3860000000006,4315.9428000000025,1069
201105142230A,2.86145265654649,1.5853286527514245,2.7724650853889963,3015.9711,1670.9364000000014,2922.178200000002,1054
201105151214A,2.8586100378787846,1.6692197916666665,5.078644318181813,3018.692199999997,1762.6960999999997,5363.048399999994,1056
201105211308A,4.552001161665054,4.488320813165529,8.778919845111314,4702.217200000001,4636.435399999992,9068.624199999987,1033
201105221642A,6.324210321969688,4.132278693181816,11.301714015151504,6678.366099999991,4363.686299999998,11934.609999999988,1056
201105251002A,2.3184646543330047,1.1243610516066198,2.589080915287248,2381.063199999996,1154.7187999999985,2658.9861000000037,1027
201106012334A,3.914013546566322,2.458088240827847,3.987720225776103,4160.5964,2612.9478000000013,4238.9465999999975,1063
201106080153B,3.2963672364672374,2.469029059829059,6.9515717948717946,2314.0498000000007,1733.2583999999995,4880.0034,702
201106222150A,18.14232262569832,14.658377560521396,20.502359776536323,19484.854499999994,15743.09749999998,22019.53440000001,1074
201106241723A,4.641717075471692,4.595521320754711,11.087591509433944,4920.220099999993,4871.252599999994,11752.84699999998,1060
201107112047A,18.315238420348052,13.048076974564925,19.664341499330646,13681.483099999994,9746.913499999999,14689.263099999993,747
201107130719A,4.564317641509436,2.4658046226415116,6.250705943396238,4838.176700000002,2613.7529000000022,6625.748300000013,1060
201107151800A,2.7934399612027128,1.2307151309408344,3.229040058195928,2880.0365999999967,1268.8673000000003,3329.140300000002,1031
201107161838A,4.758866316793893,4.633871660305337,8.344814790076331,4987.291899999999,4856.297499999993,8745.365899999995,1048
201107181815A,2.7643895292987524,1.5094412103746375,3.7309257444764667,2877.7295000000013,1571.3282999999976,3883.893700000002,1041
201107251715A,12.945205802968955,7.274461943319829,19.753278542510106,9592.397499999995,5390.3762999999935,14637.179399999988,741
201108011458A,10.101110531220884,11.718370363466894,15.066951724137944,10838.491600000008,12573.811399999977,16166.839200000013,1073
201108271029A,6.473590602409637,8.694929397590352,10.497572771084338,5373.0801999999985,7216.791399999992,8712.9854,830
201109190907A,1.4854894510226044,0.68290613562971,0.8735113024757799,1380.0196999999996,634.4198000000006,811.4919999999995,929
201110010421A,2.83084,1.336100106951873,4.544869625668454,2646.8354,1249.2536000000011,4249.453100000004,935
201110040137A,3.9208831545064378,1.8755409871244628,5.8778111587982815,3654.2631,1748.0041999999994,5478.119999999998,932
201110070251A,3.588726017130619,1.783337152034265,7.688318736616713,3351.8700999999983,1665.6369000000034,7180.88970000001,934
201110140610A,9.431495934959347,13.798398838559828,12.565764808362355,8120.517999999998,11880.421400000012,10819.123499999987,861
201110210802A,5.731588461538464,3.8807060291060362,9.502616528066545,5513.7881000000025,3733.239200000007,9141.517100000015,962
201110300323A,3.7987434279705474,1.9228851735015788,5.817393375394325,3612.6049999999905,1828.6638000000014,5532.341100000003,951
201111080259A,9.614199789695057,1.9211097791798102,11.264255941114625,9143.104,1826.9753999999996,10712.307400000009,951
201111211016A,3.311732296137337,2.861163197424895,5.460562875536484,3086.534499999998,2666.6041000000023,5089.244600000003,932
201111241025A,12.909554794520549,10.615457218124357,17.934533087460498,12251.167500000001,10074.068900000015,17019.871900000013,949
201111281506A,3.9969757127771945,4.171952903907074,5.206772544878568,3785.136000000003,3950.8393999999985,4930.813600000004,947
201112091942A,2.7273399150743125,1.393260934182592,4.276261146496812,2569.154200000002,1312.4518000000016,4028.2379999999966,942
201112120928A,3.1118162841530035,3.553022404371584,6.019399016393449,2847.3118999999983,3251.0154999999995,5507.750100000006,915
201112271521A,23.34685670731707,19.62203804878051,27.628603414634128,19144.422499999997,16090.071200000019,22655.454799999985,820
201112301707A,2.635869263157891,1.1209787368421085,2.7960842105263097,2504.0757999999964,1064.929800000003,2656.2799999999943,950
201201010527A,9.040921355236149,6.9878124229979415,10.784633059548245,8805.85740000001,6806.129299999995,10504.23259999999,974
201201241034A,1.6805261327713346,0.9312679662802957,2.440496417281346,1594.8192999999965,883.7733000000006,2316.0310999999974,949
201201262204A,1.8656624332977592,0.8718454642475992,2.5226663820704394,1748.1257000000003,816.9192000000005,2363.7384000000015,937
201201290006A,2.5044109458023383,1.649325185972372,3.1584029755579204,2356.6507,1552.0150000000021,2972.057200000003,941
201202061010A,,,,0.0,0.0,0.0,0
201202071330A,2.203096822033899,0.7834801906779661,2.908009639830509,2079.7234000000008,739.6053,2745.1611000000003,944
201202250112A,1.9340337209302314,1.271686997885835,2.3983699788583515,1829.595899999999,1203.0158999999999,2268.8580000000006,946
201202260234A,10.675328541666671,10.664001145833339,18.970082708333337,10248.315400000005,10237.441100000005,18211.279400000003,960
201202260617A,18.406971917098428,18.63919119170981,21.315007150259067,17762.727899999983,17986.819499999965,20568.9819,965
201202261159A,2.032120208333334,1.9799851041666672,1.552001041666667,1950.8354000000006,1900.7857000000006,1489.9210000000003,960
201202281507A,3.5364176591375753,1.8638503080082143,5.640480903490756,3444.4707999999982,1815.3902000000007,5493.828399999997,974
201203121232A,3.916047910295617,1.780634760448521,8.096753924566759,3841.643,1746.8026999999993,7942.91559999999,981
201203161837A,2.749614947368418,1.1599758947368428,3.101603894736842,2612.1341999999972,1101.9771000000007,2946.5236999999997,950
201204180537A,3.0569901940755897,1.4939436159346255,4.176904290091926,2992.7934000000023,1462.5707999999984,4089.1892999999955,979
201205031019A,5.0153291446673745,5.8681096092925005,9.117753643083423,4749.516700000004,5557.099799999998,8634.512700000001,947
201205112034A,3.0485075789473717,1.2936725263157907,4.030070105263161,2896.082200000003,1228.9889000000012,3828.5666000000033,950
201205262000A,2.9600653968254003,1.265717883597883,3.400793756613762,2797.2618000000034,1196.1033999999995,3213.750100000005,945
201206092100A,10.274267016806732,6.266999264705891,15.794386449579829,9781.102200000008,5966.183300000009,15036.255899999996,952
201206240759A,8.916683987274649,7.413862990455998,15.665114846235445,8408.432999999994,6991.272800000006,14772.203300000025,943
201207090720A,2.199412968917467,1.1936382636655967,3.1664152197213316,2052.0522999999966,1113.6645000000017,2954.2654000000025,933
201207091925A,10.490439121114688,7.757127974276533,16.176518327974282,9787.579700000004,7237.400400000005,15092.691600000004,933
201207141955A,4.902795202558634,5.206676226012801,8.022132942430698,4598.821899999999,4883.862300000008,7524.760699999994,938
201207290920A,3.4703219978746023,1.2480688629117944,4.9778038257173245,3265.573000000001,1174.4327999999985,4684.113400000002,941
201208080711A,3.8445468682505437,2.12491393088553,7.042086069114472,3560.0504000000033,1967.6703000000007,6520.971700000001,926
201208140259A,16.096614822546986,3.229290918580373,13.302562108559506,15420.557000000012,3093.660699999997,12743.854500000007,958
201209030214A,3.7859287862513407,2.612634371643393,8.517647905477979,3524.6996999999983,2432.3625999999986,7929.930199999999,931
201209070319A,8.804772936259155,8.34041400208987,15.32004555903868,8426.16770000001,7981.776200000007,14661.283600000017,957
201209220937A,2.1168411827956977,0.7726507526881727,2.2312030107526843,1968.6622999999988,718.5652000000007,2075.0187999999966,930
201210140941A,7.363277564102561,6.130397435897445,15.114453846153827,6892.027799999997,5738.052000000008,14147.128799999982,936
201210230853A,3.307897266035754,2.229505257623557,6.376469400630919,3145.810300000002,2120.2595000000024,6064.0224000000035,951
201211020152A,6.161236631578944,6.153553473684207,13.24800094736843,5853.174799999997,5845.875799999997,12585.600900000009,950
201211111054A,11.561627301255239,11.341047175732221,19.809106485355645,11052.915700000009,10842.041100000004,18937.505799999995,956
201211121115A,4.1947490889603385,1.1638699892818871,7.408531725616284,3913.7008999999957,1085.8907000000006,6912.160099999994,933
201211260533A,2.824128947368419,2.0442817894736844,6.351504105263156,2682.922499999998,1942.0677000000003,6033.928899999998,950
201212081426A,3.405402792696028,1.675818689581095,3.5110572502685296,3170.430000000002,1560.1871999999994,3268.794300000001,931
201212221641A,3.345690075512405,1.8465791801510234,6.295058144552325,3101.4546999999993,1711.7788999999987,5835.5189000000055,927
201212251708A,2.6987924650161457,1.1350997847147462,3.1150700753498377,2507.1781999999994,1054.5076999999992,2893.9000999999994,929
201301090141A,7.187763180362862,4.503301067235856,13.570973105656341,6734.934100000001,4219.593099999997,12716.00179999999,937
201301181242A,7.700302310924364,7.827649054621849,13.319244327731075,7330.687799999995,7451.9219,12679.920599999983,952
201301221329A,2.4989695931477534,0.7968382226980718,4.196727301927199,2334.0376000000015,744.2468999999991,3919.7433000000037,934
201301240735A,2.9773338250790307,3.408181559536357,8.009036564805056,2825.4898000000003,3234.364300000003,7600.5756999999985,949
201302021417A,16.259859594882727,8.561826012793174,18.376795948827294,15251.7483,8030.992799999997,17237.4346,938
201302250723A,11.224329978118154,10.208872866520796,20.264364332603932,10259.037599999992,9330.909800000007,18521.628999999994,914
201303042056A,3.709295833333338,2.9359039529914517,8.069062713675219,3471.900900000004,2748.0060999999987,7552.642700000005,936
201303270125A,3.450686644951139,1.9937143322475581,3.874142236699241,3178.082399999999,1836.210900000001,3568.085000000001,921
201303290501A,3.7257716129032223,3.866684838709679,8.94211666666666,3464.9675999999968,3596.0169000000014,8316.168499999994,930
201304051300A,6.024902423603807,1.564700421496312,6.992991780821915,5717.632400000013,1484.9007000000001,6636.349199999997,949
201304060029A,4.464127148846957,1.8669829140461205,4.922239412997913,4258.777299999997,1781.101699999999,4695.816400000009,954
201304122033A,10.638184671532851,9.063158915537011,17.094164129301348,10202.019100000005,8691.569399999993,16393.303399999993,959
201304170643A,5.729423983315951,4.318137226277383,9.833748800834181,5494.517599999997,4141.09360000001,9430.56509999998,959
201304171203A,9.749306763787738,5.5681190426638905,15.775326430801266,9369.083800000017,5350.9623999999985,15160.088700000017,961
201304200002A,13.60929216931217,13.161992380952393,17.763306878306885,12860.7811,12438.082800000011,16786.325000000008,945
201304210322A,5.176756008359455,2.3929317659352165,9.56902518286312,4954.155499999998,2290.035700000002,9157.557100000005,957
201304240621A,2.8217472222222244,0.8712200854700854,3.02503888888889,2641.155400000002,815.462,2831.436400000001,936
201305061314A,3.406349568034557,2.598293196544274,6.121356695464363,3154.2796999999996,2406.019499999998,5668.3763,926
201305122305A,3.769899449944993,2.9349157315731573,5.944128162816284,3426.8385999999987,2667.8384,5403.212500000002,909
201305140032A,12.502250107066363,5.351694325481799,12.094637794432538,11677.101599999984,4998.4825,11296.391699999991,934
201305192351A,5.051195080213915,4.811807379679141,8.168875935828865,4722.867400000011,4499.039899999997,7637.8989999999885,935
201305240544A,15.349732834224598,5.9428999999999945,13.069831229946539,14352.000199999999,5556.6114999999945,12220.292200000014,935
201305241456A,2.3857245762711865,1.4772161016949152,2.0295342161016943,2252.1240000000003,1394.492,1915.8802999999994,944
201306041101A,5.04982170706006,2.1188332982086413,10.266038566912556,4792.280799999997,2010.7728000000004,9742.470600000015,949
201306182302A,4.395240384615386,3.446396260683766,8.741567200854702,4113.9450000000015,3225.826900000005,8182.106900000001,936
201307212345A,13.411468201284803,11.799380299785856,18.297932012847966,12526.311300000007,11020.621199999989,17090.2685,934
201307281136A,3.299141675734493,1.2618107725788894,3.804569314472252,3031.911199999999,1159.6040999999993,3496.3992,919
201308041556A,3.8410021551724136,2.4298661637931023,5.337411961206889,3564.45,2254.915799999999,4953.118299999993,928
201308112123B,11.131803043478264,10.630629673913049,16.034002608695662,10241.258800000003,9780.179300000005,14751.28240000001,920
201308112358A,4.880425408942197,3.9931930207197404,6.494235659760096,4475.350099999995,3661.758000000002,5955.214100000008,917
201308182234A,2.444071335504886,1.5662882736156347,3.5190499457111852,2250.9897,1442.5514999999996,3241.0450000000014,921
201308272044A,5.500331872946327,5.244296823658268,9.693651259583781,5021.802999999996,4788.042999999999,8850.303599999992,913
201308312352A,4.282097176981541,3.3802625407166134,6.875628881650383,3943.8114999999993,3113.2218000000007,6332.454200000003,921
201309020251A,3.8637342478713337,1.7440590350047294,5.57794626300852,4083.9671,1843.470399999999,5895.889200000005,1057
201309040018A,8.132714285714286,5.837482463054189,9.561237635467979,8254.705,5925.044700000002,9704.6562,1015
201309061133A,7.634064971751416,4.565537570621461,11.69958860640301,8107.377000000003,4848.600899999992,12424.963099999997,1062
201309192137A,5.108076538461535,3.413715000000004,8.368085673076921,5312.399599999997,3550.263600000004,8702.809099999999,1040
201309221930A,2.7106366600790497,2.0397960474308303,4.586716501976277,2743.164299999998,2064.2736000000004,4641.757099999992,1012
201310010338A,10.280361429915327,5.026732173095015,10.509494167450603,10928.024199999993,5343.416300000001,11171.592299999991,1063
201310061638A,7.379356692160614,6.671536042065005,12.81337198852774,7718.807100000002,6978.426699999995,13402.787100000016,1046
201310150842A,2.0618671077504733,-2.156433270321361,5.679296313799622,2181.4554000000007,-2281.5064,6008.6955,1058
201310292017A,3.6351909351145055,1.4282119274809189,3.8151939885496193,3809.680100000002,1496.766100000003,3998.323300000001,1048
201310310303A,5.585510305343515,4.790320229007629,10.463574713740464,5853.614800000004,5020.255599999995,10965.826300000006,1048
201311030702A,,,,0.0,0.0,0.0,0
201311181910A,3.511828530259375,1.2073592699327589,5.497210951008656,3655.8135000000093,1256.861000000002,5722.596600000011,1041
201311191700A,4.576935643564355,1.9281983168316843,7.32940663366337,4622.704999999999,1947.480300000001,7402.700700000004,1010
201311201009A,5.549175868544598,6.076951830985922,11.29313183098591,5909.872299999997,6471.953700000007,12027.185399999995,1065
201311222204A,6.009075917215427,5.153232361241761,10.522706867356536,6387.6476999999995,5477.885999999992,11185.637399999998,1063
201311232330A,8.494425236294889,9.692380623818512,15.385490359168237,8987.101899999992,10254.538699999985,16277.848799999994,1058
201311271745A,2.596211679536683,1.1144418918918906,3.953476930501927,2689.675300000004,1154.5617999999986,4095.8020999999962,1036
201312100127A,2.3718478723404224,1.2452537717601537,3.7009267891682742,2452.4906999999967,1287.5923999999989,3826.7582999999954,1034
201312111614A,3.1319008687258707,2.4580049227799274,6.270683590733584,3244.649300000002,2546.4931000000047,6496.428199999993,1036
201312181254A,2.8282203079884507,1.4035964388835434,2.876363330125124,2938.5209000000004,1458.3367000000017,2988.541500000004,1039
201312281931A,2.673439961941007,2.311306660323504,6.871050808753573,2809.7853999999984,2429.183300000003,7221.4744000000055,1051
201501081842A,2.5124792800702394,1.7210805092186112,3.6774323968393308,2861.7139000000025,1960.3106999999982,4188.595499999998,1139
201501141209A,2.4522342490842495,0.9474449633699624,2.647071062271062,2677.8398,1034.609899999999,2890.6015999999995,1092
201501180641A,2.9168660877513677,2.380069744058499,6.2619484460694546,3191.0514999999964,2603.796299999998,6850.571599999983,1094
201501210651A,1.9707656872037922,0.9144077725118483,4.2099003791469185,2079.157800000001,964.7002,4441.444899999999,1055
201501251041A,2.5821046915725434,1.2576151172893126,3.162045004344044,2972.0024999999973,1447.514999999999,3639.5137999999943,1151
201501311229A,4.506444054747647,4.4842711719418356,11.027211719418325,5268.0331,5242.113000000006,12890.810500000021,1169
201502021513A,4.379777035132819,4.4358174807197965,7.420109340188508,5111.1998,5176.599000000003,8659.267599999988,1167
201502121433A,3.165327264653638,2.00537246891652,3.4745492895204273,3564.1584999999964,2258.0494000000017,3912.342500000001,1126
201502191632A,3.214429708222811,1.4569989389920432,6.689845888594165,3635.519999999999,1647.865800000001,7566.215700000001,1131
201502260111A,3.452187839020123,1.77903665791776,6.231653893263342,3945.850700000001,2033.4388999999996,7122.7804,1143
201503011024A,3.7343095115681257,4.447454755784064,7.6369914310197045,4357.9392000000025,5190.179700000003,8912.368999999995,1167
201503120750A,1.7887575414123822,0.5723541412380123,5.747481865736706,2051.7049000000025,656.4902000000001,6592.361700000002,1147
201504150739A,4.8829094454072814,5.985701126516465,9.662882928942812,5634.877500000002,6907.4991,11150.966900000005,1154
201505021650A,9.41477801724138,6.145662155172421,15.221431034482741,10921.142500000002,7128.968100000008,17656.85999999998,1160
201505250637A,3.2975657342657305,1.6686453671328638,4.066770017482518,3772.415199999996,1908.9302999999961,4652.3849,1144
201505301123A,12.625199737072746,4.446817616126201,8.85109894829097,14405.352900000004,5073.818899999996,10099.103899999996,1141
201506080601A,8.555322555746148,5.377645025728992,15.447939365351644,9975.506100000008,6270.334100000005,18012.297300000017,1166
201506100833A,5.8773855034722216,4.791206423611106,12.547068489583312,6770.748099999999,5519.469799999994,14454.222899999975,1152
201506180828A,2.160100705467373,0.8342293650793646,2.3512164902998225,2449.554200000001,946.0160999999995,2666.2794999999987,1134
201506231218A,9.419359791122703,6.680385813751095,10.720101566579643,10822.844399999985,7675.763300000009,12317.39670000001,1149
201507030643A,10.714215557476228,9.340106482281747,15.29364494382021,12396.347399999997,10806.503199999981,17694.747199999983,1157
201507152216A,2.8240833773087055,1.5836131926121355,3.3395699208443217,3210.9827999999984,1800.5681999999981,3797.0909999999935,1137
201508021308A,2.404417819148937,1.5547823581560298,2.9360804078014184,2712.183300000001,1753.7945000000016,3311.8987,1128
201510160638A,2.318264579606438,1.3225517889087657,6.30582835420393,2591.819799999998,1478.6129,7049.916099999994,1118
201510200929A,3.6827805877114845,2.551826981300087,5.632849777382009,4135.762599999997,2865.701699999998,6325.690299999996,1123
201511111818A,2.2032508035714287,0.9765559821428568,2.2896450892857145,2467.6409,1093.7426999999996,2564.4025,1120
201511131221A,3.8966740707964567,3.8615154867256676,8.5347968141593,4403.241699999996,4363.512500000004,9644.32040000001,1130
201511241321A,4.599960314685308,2.1396159965034958,7.656109265734269,5262.354599999992,2447.720699999999,8758.589000000004,1144
201512171244A,3.5204083922261464,2.279093992932862,7.6520594522968075,3985.1022999999977,2579.9344,8662.131299999986,1132
201512200928A,2.957242577777775,1.7100778666666663,5.413209244444449,3326.8978999999968,1923.8375999999996,6089.860400000005,1125
201601020422A,3.862472956521737,0.8681318260869574,4.30459356521739,4441.843899999997,998.351600000001,4950.282599999999,1150
201601041436A,3.7035291005290985,2.678432363315695,6.699804144620814,4199.801999999998,3037.342299999998,7597.577900000003,1134
201601201713A,8.351132952548324,8.527650087873472,13.973719771529,9503.589299999994,9704.46580000001,15902.093100000002,1138
201601270124A,2.1606833629893263,1.0892209964412813,4.67468371886121,2428.6081000000027,1224.2844000000002,5254.344499999999,1124
201601300008A,2.0579266371681437,1.2613420353982303,3.623754336283181,2325.4571000000024,1425.3165000000001,4094.8423999999945,1130
201601300325A,17.939673043478248,12.649745217391315,17.092916695652164,20630.623999999985,14547.207000000011,19656.85419999999,1150
201602141809A,3.2276020087336237,1.2206448908296965,5.7340082096069755,3695.604299999999,1397.6384000000025,6565.439399999987,1145
201604121124A,3.76557480176211,2.1097802643171764,7.830212422907481,4273.927399999995,2394.600599999995,8887.291099999991,1135
201604181142A,7.88076207792209,8.238249004328999,13.907281038961045,9102.280200000014,9515.177599999994,16062.909600000006,1155
201605030000A,3.922858214285719,4.7783988392857175,8.462081517857131,4393.6012000000055,5351.806700000004,9477.531299999986,1120
201605070542A,5.51747102966841,6.086174694589873,12.074585951134388,6323.021799999999,6974.756199999995,13837.475500000008,1146
201605110115A,5.78015227670754,5.941486514886165,11.9662326619965,6600.93390000001,6785.177600000001,13665.437700000004,1142
201605242220A,2.2612721977052055,1.1158893203883502,2.7347578993821693,2562.021399999998,1264.302600000001,3098.480699999998,1133
201606280932A,2.703775504828791,1.7782586479367877,5.711214223002634,3079.600299999993,2025.4366000000011,6505.073,1139
201607230100A,,,,0.0,0.0,0.0,0
201607251511A,7.077884635879222,6.067959591474243,12.077404529307278,7969.698100000004,6832.522499999997,13599.157499999996,1126
201608041624A,8.324222869565224,5.942917913043484,9.619108695652168,9572.856300000007,6834.355600000006,11061.974999999993,1150
201608060908A,2.7555758527827643,2.060800538599642,6.254413644524231,3069.7114999999994,2295.7318000000014,6967.416799999994,1114
201608100406A,2.902928724353263,1.6407152542372874,5.2060185548617275,3254.1831000000075,1839.241799999999,5835.946799999996,1121
201608141115A,10.093755349248452,9.435819274977904,15.976507427055695,11416.0373,10671.911600000009,18069.429899999992,1131
201608201610A,-2.851191936897456,-6.432992112182289,-2.832571516213844,-3253.2099999999973,-7340.043999999992,-3231.9640999999956,1141
201608220933A,2.717258755555554,1.119509333333334,4.133474666666669,3056.916099999998,1259.4480000000005,4650.159000000002,1125
201608241034A,15.862674586597052,10.646425674499564,17.186069364664945,18226.21310000001,12232.7431,19746.793700000024,1149
201608251704A,3.9795577526132395,1.3592489547038318,5.774497473867592,4568.532299999999,1560.4177999999988,6629.123099999995,1148
201609031226A,7.642781698774094,5.091589404553424,10.86719071803852,8728.056700000016,5814.59510000001,12410.33179999999,1142
201609121132A,7.6003730533683305,8.187018110236217,12.587710498687652,8687.226400000001,9357.761699999995,14387.753099999987,1143
201611230959A,3.065985525154458,1.9200311562224168,5.396390556045899,3473.761600000001,2175.3952999999983,6114.110500000004,1133
201611240035A,3.2303990990990963,1.6166074774774792,3.841014054054053,3585.7429999999968,1794.434300000002,4263.525599999999,1110
201611250726A,2.058779088471853,0.9129261840929406,4.709988293118859,2303.7738000000036,1021.5644000000005,5270.476900000003,1119
201612042134A,5.064420625000001,5.93265785714286,9.141112857142865,5672.151100000001,6644.576800000003,10238.046400000008,1120
201612192044A,3.86276881533101,3.0941065331010433,7.735810540069682,4434.458599999999,3552.034299999998,8880.710499999996,1148
201612201351A,3.186096919014084,2.488019366197186,4.795730633802824,3619.4060999999992,2826.390000000003,5447.950000000008,1136
201612211643A,10.050912802768158,8.037034429065747,18.08476271626296,11618.85519999999,9290.811800000003,20905.985699999983,1156
201701030909A,6.698164832330167,7.629245485812538,12.619733018056753,7789.965699999984,8872.812499999982,14676.749500000004,1163
201701121704A,3.166983671668136,1.1565089143865848,3.7050984112974374,3588.192499999998,1310.3246000000006,4197.876499999997,1133
201702162144A,1.7490999999999997,0.9462222416812622,1.8424308231173392,1997.4721999999997,1080.5858000000014,2104.0560000000014,1142
201702190919A,4.9562463350785295,2.5530352530541003,10.977457242582892,5679.858299999994,2925.778399999999,12580.165999999994,1146
201703050008A,8.879713828867763,8.643686171132236,16.07654684528951,10273.828900000002,10000.744899999998,18600.564699999963,1157
201703130849A,3.5859785281385297,2.729982770562771,9.048605627705617,4141.805200000002,3153.1301000000008,10451.139499999988,1155
201703272231A,3.4489942003514917,2.212075922671356,5.151006414762733,3924.9553999999976,2517.342400000003,5861.84529999999,1138
201704041507A,3.3000825857519764,3.9773167985927897,3.370769393139845,3752.193899999997,4522.209200000002,3832.5648000000037,1137
201704111555A,2.4783768281938348,1.72279524229075,3.823508193832601,2812.957700000002,1955.3726000000013,4339.681800000002,1135
201704201520A,3.4300385022026427,3.6431824669603508,7.356902466960339,3893.0936999999994,4135.012099999998,8350.084299999984,1135
201705200106A,4.110280906713163,2.62757027027027,6.339721272885791,4714.492199999998,3013.8231,7271.660300000002,1147
201705221100A,4.3995792888888925,3.7089038222222257,9.961814133333334,4949.526700000004,4172.516800000004,11207.0409,1125
201706150311A,3.404848315602837,2.0427893617021264,3.7155138297872345,3840.6689,2304.2663999999986,4191.0996000000005,1128
201707060803A,23.337233780160854,17.008654691689003,28.245957015192175,26114.364599999997,19032.684599999993,31607.225900000045,1119
201707121948A,4.349896560846568,-0.2752835097001762,5.333028835978836,4932.782700000008,-312.1714999999998,6047.6547,1134
201708021818A,3.248670267857145,3.1098899107142883,4.549136160714294,3638.5107000000025,3483.076700000003,5095.032500000009,1120
201708050739A,3.001991636690649,2.6293660971223054,5.188282823740997,3338.214700000002,2923.8551000000034,5769.370499999989,1112
201708080549A,3.9135536936936948,2.6079841441441456,6.963906576576571,4344.044600000001,2894.862400000002,7729.936299999994,1110
201708100043A,2.5582412868632725,1.1146941018766774,1.1516787310098298,2862.672000000002,1247.342700000002,1288.7284999999995,1119
201709071726A,6.902598684210529,5.219260877192985,9.680841578947373,7868.962500000003,5949.957400000003,11036.159400000004,1140
201709291925A,3.463322747546825,2.7721582515611076,8.37561525423728,3882.3847999999907,3107.5894000000017,9389.064699999992,1121
201711090742A,10.55169443462897,8.345646554770314,17.716210070671362,11944.518099999994,9447.271899999994,20054.749799999983,1132
201711281738A,2.3611208518189897,1.6371978704525274,3.63174170363798,2660.9832000000015,1845.1219999999985,4092.972900000004,1127
201712091514A,11.782986303775223,12.994021861281809,19.960739947322217,13420.821399999979,14800.19089999998,22735.282800000004,1139
201712182328A,4.898329122807016,3.8681235964912277,9.608761666666673,5584.095199999998,4409.6609,10953.988300000008,1140
201712210156A,4.119993520140097,2.326724080560421,9.11863502626969,4705.032599999991,2657.118900000001,10413.481199999986,1142
201712310348A,3.7261271540469956,2.1314107919930403,4.641198346388164,4281.320099999998,2448.991000000003,5332.7369,1149
201712311453A,2.4447375979112276,1.7893348999129655,5.698732637075721,2809.0035000000007,2055.9457999999972,6547.843800000003,1149
201801032130A,5.227396116504849,2.7308857899382155,11.164910591350402,5922.639799999994,3094.0935999999983,12649.843700000005,1133
201801181208A,2.815413698630138,2.7389358732876707,4.4047842465753435,3288.403200000001,3199.0770999999995,5144.788000000001,1168
201802052056A,2.5345970044052852,1.2319126872246677,3.450833568281938,2876.7675999999988,1398.220899999998,3916.6960999999997,1135
201802061915A,5.714830755711782,7.0274811072056185,10.33663418277679,6503.477400000008,7997.273499999994,11763.089699999986,1138
201802112314A,10.381552640692636,8.318186580086579,17.94357662337664,11990.693299999994,9607.5055,20724.83100000002,1155
201802120052A,1.860669007901666,0.9035589991220375,2.173855487269533,2119.3019999999974,1029.1537000000008,2476.021399999998,1139
201802130239A,1.356073570190642,0.21355476603119547,1.0127213171577119,1564.9089000000008,246.4421999999996,1168.6803999999995,1154
201803181800A,2.4877368651488574,1.4833823992994744,4.677937040280216,2840.995499999995,1694.0226999999998,5342.204100000006,1142
201804120756A,2.75327808340728,1.461188997338066,3.4167365572315873,3102.944400000005,1646.7600000000004,3850.662099999999,1127
201804132146A,2.486799823008852,0.9908704424778756,3.7656795575221236,2810.083800000003,1119.6835999999994,4255.2179,1130
201804240408A,3.4051662831858365,2.1151341592920345,4.54103946902655,3847.8378999999954,2390.101599999999,5131.374600000001,1130
201805101802A,4.38737367506516,4.22427636837532,7.879277845351862,5049.8670999999995,4862.142099999994,9069.048799999993,1151
201806172258A,9.165326532399307,9.739574693520142,13.78638108581436,10466.80290000001,11122.594300000002,15744.047199999999,1142
